name,kal
감자 주먹 밥,239.38
고추장불고기 삼각김밥,165.29
곤드레나물밥(정선),521.83
국밥,418.34
국밥 굴,105.13
김밥,317.68
김치 고구마 밥,247.84
김치김밥,344.97
김치볶음밥,754.73
김치쌈밥,205.15
농어초밥,396.74
돼지국밥,911.4
두부 채소 볶음밥,321.41
레몬이 들어간 새우 케밥,215.4
류산슬덮밥,574.99
멍게비빔밥(거제),547.21
멸치주먹밥,312.43
묵밥,642.16
문어초밥,392.23
볶음밥,773.3
불고기덮밥,669.3
비빔밥,706.62
비빔밥(전주),691.62
삼선볶음밥,686.11
새싹 비빔밥,264.53
새우볶음밥,700.02
새우초밥,387.67
새우튀김롤,606.5
샐러드김밥,405.95
생선초밥(광어),453.78
생선초밥,465
생선초밥(모듬),461.97
소고기국밥(밥포함),330.53
소고기김밥,400.61
소머리국밥,631.99
소머리국밥(경기광주),903.95
송이덮밥,581.81
쇠고기 말이 쌈밥,203.71
숯불갈비 삼각김밥,172.4
쌀밥,272
쌈밥,314.55
알밥,618.5
약초비빔밥(산청),511.8
연어롤,510.19
연어초밥,447.32
영양밥,321.41
오곡밥,390
오므라이스,729.97
오징어 덮밥,679.9
유부초밥,446.33
육회비빔밥,679.7
자장밥,741.66
잡채밥,884.66
잡탕밥,777.44
장어덮밥,716.54
장어초밥,486.26
제육덮밥,782.38
짬뽕밥,661.76
참치김밥,424.07
참치덮밥,679.1
참치마요네즈 삼각김밥,161.24
충무김밥,583.93
치즈김밥,510
카레라이스,672.01
캘리포니아롤,487.64
콩나물국밥(전주),429.65
콩나물해장국,223.26
한치초밥,374.18
해물덮밥,771.93
해물볶음밥,705.22
회덮밥,683.02
고등어 강정,154.59
곰보빵,277.34
과일파이,182.06
과자,46.5
꽃게강정,260.51
꽈배기,262.38
녹차스콘,184.59
녹차크레페,178.56
누룽지 과자,344.45
다시마칩,61.13
단호박 경단,162.87
두부샌드위치,190.4
라이스페이퍼 새우 롤,141.26
피자,374.05
마늘빵,296.55
만주,222.49
머핀,560.71
멸치누룽지과자,191.35
모닝빵,231.86
미니 버거,123.41
미니타르트,312.45
바질 고구마 옥수수빵,160.75
버터크림빵,268.28
베이글,335.48
블루베리 치즈무스케익,420.61
사과와 양파를 곁들인 돼지등심 요리,293.83
사과와 크림치즈를 곁들인 토스트,188.25
생크림케이크,278.07
센베이,34.65
수퍼 브리또,253.47
식빵,113.2
아보카도 달걀 샌드위치,152.41
야채빵,135.49
야채칩,72.2
양송이버섯 달걀크레페,349.1
잡곡강정,153.4
잣호두강정,93.71
찹쌀도우넛,207.05
채소 커리를 곁들인 팬케익,253.81
채소 팬케익,285.83
채소고로케,300.65
초콜릿케이크,420.24
치즈케이크,329.14
카스텔라,235.1
커리향이 들어간 치킨 샐러드 샌드위치,193.62
크로와상 샌드위치,137.62
클럽 샌드위치,193.54
티라미수,188.52
페이스트리빵,319.59
피스타치오 생크림과 산딸기 컵케이크,253.64
한과 매작과,123.9
한과 산자,109.8
한과 송화다식,110.7
한과 약과,119.7
한과 유과,127.2
한국식 오코노미야끼,263.87
햄치즈샌드위치,436.52
현미크레이프,259.06
호두과자,30.34
간자장,824.54
고기만두,452.01
고기완자를 곁들인 스웨덴식 국수,148.24
구슬 파스타,299.86
군만두,685.24
굴짬뽕,680.67
기스면,606.93
김치라면,552.32
김치만두,420.53
김치우동,500.18
낙지볶음면,154.36
냉 쌀국수,246.45
냉김치말이국수,302.53
니고랭,228.89
닭고기가 들어간 땅콩소스 스파게티,207.69
들깨칼국수,457.88
떡국,711.3
떡라면,743.16
떡만둣국,624.92
라면,95.67
라면 짬뽕라면,91.93
라비올리 크림소스,768.64
라비올리 토마토소스,338.57
막국수,599.91
막국수(평창),571.59
만둣국,434.05
메밀국수,611.72
물냉면,551.62
물만두,156.67
미니그라탕,236.02
바지락 볶음 면,234.49
버섯 리조또,619.28
버섯을 넣은 가지 라자냐,135.52
비빔국수,617.94
비빔냉면,622.74
삼선우동,691.66
삼선자장면,803.9
삼선짬뽕,662.36
서리태 잣국수,477.95
수제비,646.84
스파게티,354.62
시저 샐러드,213.07
쌀국수,80.7
알록달록 시금치 당근 수제비,235.74
열무냉면,525.49
오일소스스파게티,646.74
올챙이국수(정선),565.79
우동(일식),421.51
우동,532
우동(중식),648.47
울면,728.86
인도식 만두구이,155.96
자장면,796.5
잔치국수,599.16
짬뽕,687.62
쫄면,601.78
치즈라면,594.54
콩국수,666.82
크림소스스파게티,837.57
토마토소스스파게티,642.59
해물칼국수,628.26
해물크림소스스파게티,917.57
해물토마토소스스파게티,584.44
호박 프리타타,302.06
호박만두,210.15
회냉면,629.98
감자를 곁들인 야채스튜,87.04
검보스프,102.45
검은콩 스프,228.13
게살죽,564.83
고구마 타락죽,362.81
깨죽,515.34
단호박 두부 포타주,92.46
단호박 스프,102.08
닭죽,1128.22
대구 크림 스튜,186.36
대추죽,132.25
백합죽(부안),455.28
새우살을 채운 두부 스프(미네스트로네),117.32
소고기버섯죽,578.28
송이 미역죽,135.75
쇠고기 스튜,99.5
어죽(영동),552.06
완두콩 스프,168.71
잣죽,874.48
전복죽,590.82
차가운 당근스프,84.2
참치죽,659.6
팥죽,498.06
해산물을 곁들인 매콤한 토마토 스튜,122.16
호박죽,442.75
흑임자 두부 죽,164.14
갈낙탕(영암),261.77
갈비탕,236.75
게국지(태안),415.25
고등어찌개,601.62
곰치국(삼척),419.29
곰탕,579.61
곰탕(나주),183.25
굴 두부 국,49.51
김치국,19.84
꼬리곰탕,765.79
꽃게탕,238.39
낙지탕,187.8
냉국 미역오이냉국,17.64
냉국 오이냉국,18.38
달걀국,40.53
닭곰탕(닭국),80.36
대구지리탕,262.02
도가니탕,573.18
도토리묵 콩국,61.11
도토리묵말이,462.38
된장국,49.38
된장국 근대,22.77
된장국 무,23.19
된장국 시금치,30.66
된장국 시래기,21.99
된장국 쑥,27.57
된장국 아욱,23.45
된장국 왜된장국 미소된장국,25.61
매생이국(장흥),119.25
물회(포항),529.36
미역 조랭이 떡국,368.64
미역국 쇠고기,23.17
미역국,125.75
바지락조개국,156.65
배추 맑은 국,43.1
버섯 들깨탕,123.74
복지리탕,232.06
북어국,66.99
삼계탕,917.61
새우 완자탕,86.81
생선물회,577.97
선짓국,337.35
설렁탕,419.81
소고기무국,122.94
소고기육개장,339.87
소탕,87
순대국,540.3
아구탕,246.07
어묵국,250.86
어탕,85.5
연두부 무순 냉국,70.52
연포탕,541.64
오리탕,482.33
오징어국,33.44
오징어물회(동해),581.4
올갱이국(괴산),144.26
우거지국,20.24
우거지해장국,154.38
우렁된장국,244.93
육개장 닭고기,43.79
육탕,87
전복탕,196.85
조기매운탕,384.38
짱뚱어탕(순천),188.77
추어탕(남원),316.72
탕국,92.5
토란국,462.5
해물탕,267.81
황태해장국,181.7
감자탕,959.54
광어매운탕,419.8
김치찌개,243.03
내장탕,546.64
닭볶음탕,367.92
대구매운탕,361.75
동태찌개,368.18
된장찌개,144.88
두부전골(찌개),315.16
버섯찌개,167.56
부대찌개,520.05
부대찌개(의정부),399.5
소고기샤브샤브,263.75
순두부찌개,200.08
알탕,425.56
우럭매운탕,406.82
장어탕,152.01
전골 곱창전골,88.15
청국장찌개,271.57
추어탕,341.13
콩비지찌개,247.61
해산물 샤브샤브,124.44
금태찜,73.8
단호박 두부찜,37.98
단호박 새우 찜,202.4
달걀찜,200.55
닭갈비,595.61
닭고기 편육,260.33
대구찜,376.42
대하찜,109.3
도미찜,126
동태찜,394.33
돼지고기 수육,1205.9
등갈비찜(돼지),961.04
매운갈비찜(대구중구),517.44
문어숙회,67.2
민어찜,137
병어찜,180
북어찜,156.8
붕어찜(경기광주),835.59
사태떡찜,201.74
생선살 완자 찹쌀 찜,212.47
생선찜 채소말이,162.54
서양식 달걀찜(시금치 퀴시),305.61
소갈비찜,494.6
쇠고기 감자찜,183.57
순대,547.59
아구찜,310.87
아귀찜(마산),492.32
안동찜닭(안동),1364.2
영양 달걀 찜,76.01
오징어보쌈과 저나트륨 된장소스,45.89
오징어순대(속초),466.86
전어찜,278
조기찜,182
족발,393.77
참꼬막,90.4
백숙,469.53
해물찜,400.08
홍어찜,202.67
가자미구이,157.17
갈치구이,481.32
고등어구이,667.87
굴비구이,192.65
꽁치 양념구이,234.27
꿩불고기(충주),368.8
닭고기 바비큐,183.74
닭꼬치,176.72
도미구이,158.96
돼지갈비구이,941.38
돼지주물럭(돼지갈비)(서울마포),240.32
등심 배구이,96.35
로스트비프,219.77
미니 떡갈비,144.93
밀라노 스타일 포크 커틀렛,227.69
버섯소스를 곁들인 돼지 등심 스테이크,387.49
병어구이,195.24
불고기,395.29
불고기 오리,225.98
붕장어구이(소금)(고흥),296.54
비프 스트로가노프,246.51
살사를 곁들인 참치 오븐구이,96.5
소곱창구이,639.57
소불고기,176.71
소양념갈비구이,989.15
양념장어구이,433.35
양송이버섯과 포도주스를 가미한 등심구이,204.58
왕갈비(양념)(수원),480.81
요거트 파슬리소스를 곁들인 닭고기구이,238.97
임연수구이,197.55
조기구이 양념 조기조림,128.07
종이에 싸서 구운 도미,103.29
중국식 바비큐 폭 립,310.67
지중해소스를 곁들인 도미스테이크,289.68
짚불구이곰장어(기장),326.21
참깨 오렌지 쇠고기,182.68
치킨 버거 스테이크,127.97
카레소스를 얹은 두부 스테이크,199.32
케이준 스타일 닭고기 요리,312.42
해산물 옥수수 오븐구이 프리타타,111.71
햄버그스테이크,457.7
황태구이,437.57
훈제오리,797.14
가자미전,231
감자전,187.67
계적,487.5
고추전,274.69
곶감샐러드,223.18
김치전,282.27
깻잎전,361.1
낙지꼬지,75.2
녹두빈대떡,207.94
다시마전,79.18
단호박전,309.89
달걀말이,175.57
돔베기적,159
동그랑땡,309.2
동태전,268.05
돼지고기 찹쌀부침,342.42
두부 달걀전,179.66
두부 해산물 꼬치구이,182.16
두부전,255
떡갈비,677.36
마 두부 오징어전,172.1
미나리전,226.5
배추전,240
버섯전,240
부추전,253.5
소라산적,120
쇠고기산적,454
오징어산적,101.6
치킨 쇠고기 땅콩소스 꼬치,148.44
케첩완자,141.85
파전,292.8
해물파전,276.18
햄부침,244.44
호박전,208.5
홍어적,89
홍합산적,156.8
화양적,272.65
가지볶음,110.79
감자볶음,116.25
건새우볶음,65.73
고추잡채,256.77
궁중 떡볶음,202.82
김자반,45
김치볶음,97.04
깻잎볶음,103.07
꽃게볶음,108.73
낙지볶음,186.83
닭갈비(춘천),558.47
돼지갈비 볶음,151.15
돼지고기볶음,350.67
돼지고기볶음 오징어,181.7
돼지고기토마토두부볶음,157.15
돼지껍데기볶음,234.47
두부김치,288.21
떡볶이,303.53
라볶이,40.32
마파두부,227.93
멸치풋고추볶음,52.38
미역줄기볶음,66.49
버섯볶음 느타리,90.69
버섯볶음 양송이,90.98
브로콜리쇠고기볶음,123.9
섭산삼,233.03
소고기 채소볶음,189.93
소세지볶음,235.69
순대볶음,145.38
시금치돼지고기볶음,104.77
쌀국수 볶음면,211.89
아시아식 채소 두부 볶음,275
야채볶음,90.81
야채오믈렛,158.15
어묵볶음,189.07
오징어볶음,120.51
오징어채볶음,55.49
잔멸치볶음,68.41
잡채,204.32
조랭이 떡 궁중 떡볶이,217.45
주꾸미볶음,211.41
칠리새우,174.67
토마토소스달걀볶음,111.22
팔보채,240.74
팽이버섯야채볶음,82.58
표고버섯볶음,141.92
해물볶음,419.06
해산물볶음,119.07
헝가리안 폭찹,294.86
화지타,196.55
가자미조림(간장+고춧가루+기타양념),297.98
갈치조림,97.04
고기완두조림,183.01
고등어조림,130.16
곤약 콩조림,96.03
과일 주스 조림,174.29
다시마돼지고기조림,115.71
돼지고기메추리알장조림,63.49
두부 튀김 조림,220.56
두부조림,69.25
땅콩조림,81.34
부추조갯살 콩비지조림,35.67
북어조림,181.86
소고기메추리알장조림,60.65
연근조림,78.24
오징어말이 케첩조림,152.09
우엉조림,69.75
콩조림,54.25
감자튀김,306.84
고구마 빠스,253.9
고구마맛탕,245.41
고구마튀김,253
김말이튀김,250.65
깐풍기,588.72
난자완스,346.25
닭강정,310.25
닭튀김 양념,276.03
도라지 검은깨 튀김,133.46
등심돈가스,623.83
똥집튀김(대구동구),468.37
라조기,398.99
레몬 파슬리 빵가루를 입힌 도미,88.31
멸치찹쌀 양념튀김,194.1
모듬탕수,116.59
미꾸라지튀김,387.49
삼색 콩튀김,251.33
새우튀김,301.23
생강향의 고구마 크로켓,204.53
생선까스,653.44
수삼당근정과,110.12
안심돈가스,651.75
오징어튀김,308.2
쥐포튀김,357
채소튀김,320.66
치즈돈가스,755.37
치즈스틱,38.86
치킨까스,593
탕수육,456.72
파마산치즈를 가미한 커틀렛,417.86
치킨,683
황태강정,229.28
가지나물,23
고구마줄기나물,61.92
고사리나물,45.5
도라지나물,56
머위나물,71.69
무나물,33
미나리나물,29.5
숙주나물,20
시래기나물,47.5
취나물,74
콩나물,25.5
감자냉채,44.12
겉절이 배추,44.3
겉절이 상추,68.07
골뱅이무침,108.79
과일 요구르트 샐러드,77.29
구운 닭고기 샐러드와 저나트륨 과일드레싱,245.43
구운 닭고기를 곁들인 두부 샐러드,122.74
김무침,85.62
낙지 잣소스 냉채,225.66
노각무침,56.02
니스와 샐러드,91.99
단무지무침,40.88
달래무침,90.84
닭고기 샐러드,258.58
도라지생채,115.43
도토리묵,45.6
돼지고기 수육 부추무침,199.72
두부 다시마말이,80.65
두부선과 저나트륨 겨자 간장소스,120.82
마늘쫑무침,39.56
무말랭이무침,40.79
무생채,52.4
묵무침 청포묵,59.42
미역초무침,51.32
벤댕이무침(인천),600.01
부추무침,71.55
북어채무침,226.05
산마드레싱 실곤약 샐러드,96.56
상추 겉절이,18.91
서대회무침(여수),315.21
수삼 냉채,38.15
스테이크 샐러드,176.86
쑥갓무침,63.71
아보카도 두부 샐러드,425.3
아시아식 국수 샐러드,276.16
양상추와 닭고기 요리,78.44
양장피,229.75
얼갈이 무침,71.47
연어냉채,128.91
오이 초절임,194
오이생채,47.35
오이선,67.43
오이지무침,72.03
이태리식 해산물 샐러드,127.57
쥐치채,55.92
참기름 드레싱의 즉석 샐러드,75.86
카프라제,158.21
탕평채,97
태국식 불고기 샐러드,88.69
파래무침,34.51
파무침,87.19
펜네 파스타 샐러드,212.82
허브 마리네이드 참치 샐러드,235.69
호두 사과 샐러드,109.55
홍어회무침,198.94
갓김치,29.18
고들빼기,55.53
깍두기,18.33
깻잎김치,87.42
나박김치,13.72
동치미,15.21
배추김치,19.13
백김치,9.35
부추김치,68.55
열무김치,16.77
열무얼갈이김치,17.68
오이소박이,17.38
총각김치,18.63
파김치,29.54
간장게장,302.16
양념게장,279.63
고추장아찌,21.63
깻잎장아찌,35.32
마늘장아찌,16.84
매실장아찌,72.88
무장아찌,23.92
양배추 깻잎 피클,15.26
양파장아찌,39.4
오이피클,18.4
복숭아샤벳,146.21
서양식 씨리얼(뮤즐리),158.6
식혜 팥빙수,135.85
홍시쉐이크,69.72
수정과,133.5
식혜,130.5
우유생강차,108
복숭아화채,72.8
수박화채,125.83
오렌지,44.44
과일 젤리,140.45
두부양갱,66.62
딸기잼,48.6
가래떡,208.2
고구마경단,208.96
고구마란,165.97
고구마쑥단자,149.93
고추 장떡,250.36
김치떡,301.77
꿀떡,217.8
녹두시루떡,246
떡 메밀전병,168
떡 송편(깨),224
떡 송편(콩),194
떡 수수부꾸미,248
떡 수수팥떡,204
떡 쑥떡,249
떡경단(깨),319
떡경단(콩),314
떡기피편,220
모듬옥수수,127.26
모듬찰떡,222.91
무지개떡,228.97
백설기,159.79
시루떡,217.48
약식,244.38
인절미,220.95
절편,192.89
증편,192.73
찹쌀떡,276.87
초당순두부(강릉),522.69
닭고기 양배추 쌈,193.7
참치 소고기 양상추 쌈,180.72
낙지강회,51.65
대구포,141
돼지고기 머리고기,324.88
북어포,66.4
어묵,12.72
육회,229.91
1955 버거,1246.84
2014 랏츠버거,1132.01
辛리브샌드,903.06
갈릭스테이크하우스버거,208.78
그릴디럭스버거,773.4
그릴맥스버거,1298.93
닭고기살코기 치킨텐더즈(4pieces)(버거킹),290
닭고기살코기 치킨텐더즈(6pieces)(버거킹),299
닭고기살코기 치킨텐더즈(9pieces)(버거킹),285
더불치즈버거,270.23
더불치즈와퍼,274.49
더블 디럭스 슈프림버거,1398.08
더블 쿼터파운더치즈,262.04
더블치즈버거,739.64
데리버거,453.13
디럭스 슈프림 버거,772.24
디럭스 치즈버거,603.63
라이스버거(불고기),1124.84
랏츠버거,295.24
레이디샌드위치,971.8
로스트 갈릭버거,638.55
로얄그릴드 치킨버거,192.11
리치버거,800.99
맥더블,603
맥스파이시 더블 케이준 버거,1374.72
맥스파이시 상하이 디럭스,1147.2
맥스파이시 상하이 버거,1014.6
맥스파이시 케이준 버거,796
맥치킨,609.62
맥치킨버거,612.88
미니언 슈비 버거,1104.95
바베큐 불고기 버거,677.32
베이컨 토마토 디럭스버거,1246.3
베이컨갈릭징거버거,1036.13
불갈비버거,645.84
불고기버거,294.08
불고기와퍼쥬니어,601.13
불고기치킨 크리스피 버거,302.49
불고기크리스피치킨버거,617.4
불새버거,937.03
빅맥,1086.3
빵크로아쌍 소시지크라상(버거킹),349
사이다사이다 사이다(R)(버거킹),165
상하이 스파이스 치킨 버거,208.76
새우버거,484.84
소스류머스터드소스 HoneyMustard(버거킹),321
쉬림프징거버거,687.29
스위피버거,674.16
스파이시 텐더크리스피 버거,275.85
싱글즈불고기 버거,519.03
야채라이스불고기,222.94
양파링튀긴것양파링튀긴것 어니언링(L)(버거킹),397
양파링튀긴것양파링튀긴것 어니언링(R)(버거킹),404
어린이불고기버거,503.3
오렌지쥬스농축과즙 오렌지주스(버거킹),150
오징어버거,485.24
와일드쉬림프버거,1073.51
와퍼주니어,630.42
우리한우버거,204.2
울트라치킨,951.72
자이언트더블버거,973.68
징거버거,766.67
치즈버거,345.42
치즈징거버거,847.64
치킨버거,514.29
치킨불고기버거,499.63
치킨휠레샌드위치,193.16
커피여과액 커피(버거킹),160
케이준통샌드위치,237.34
콜라다이어트콜라 다이어트(R)(버거킹),4
콜라일반콜라 코카콜라(R)(버거킹),150
쿼터파운더치즈,266.48
쿼터파운더치즈버거,1030.31
타바스코맛샌드위치,494.45
텐더그릴치킨,646.33
텐더그릴치킨버거,219.36
토마토 치즈버거,655.22
토마토케첩토마토케첩 케첩(버거킹),107
통새우버거,199.59
트위스터,664.9
파이사과파이 애플파이(버거킹),266
한우불고기주니어,734.62
핫크리스피버거,955.7
해쉬브라운해쉬브라운 해쉬브라운(버거킹),320
햄버거,370.26
햄버거일반버거 더블와퍼(버거킹),264
햄버거일반버거 와퍼(버거킹),244
햄버거일반버거 와퍼쥬니어(버거킹),253
햄버거일반버거 햄버거(버거킹),267
햄버거치즈버거 베이컨더블치즈버거(버거킹),301
햄버거치즈버거 치즈버거(버거킹),271
햄버거치즈버거 치즈와퍼햄버거(버거킹),258
햄버거치킨버거 치킨버거(버거킹),310
햄버거치킨버거 치킨와퍼(버거킹),215
햄버거휘시버거 BK휘시휠레햄버거(버거킹),286
후렌치후라이가공품 일반후렌치후라이(L)(버거킹),347
후렌치후라이가공품 일반후렌치후라이(R)(버거킹),345
휠레샌드위치,764.4
2in1(한우불고기+밤스위트골드) F,737.26
2in1(한우불고기+밤스위트골드) L,662.84
2in1(한우불고기+밤스위트골드) R,382.55
SOME(썸)  로스트 치킨파오(L),811.2
SOME(썸)  로스트 치킨파오(M),247.8
SOME(썸) BBQ 콤보(L),661.76
SOME(썸) BBQ 콤보(M),731.24
SOME(썸) 더블 포테이토(L),880.59
SOME(썸) 더블 포테이토(M),265
SOME(썸) 발사믹 로스트 비프(L),611.78
SOME(썸) 발사믹 로스트 비프(M),682.65
SOME(썸) 수퍼슈프림(L),630.99
SOME(썸) 수퍼슈프림(M),685.56
SOME(썸) 직화 불고기(L),613.47
SOME(썸) 직화 불고기(M),674.7
SOME(썸) 칠리 쉬림프(L),566.15
SOME(썸) 칠리 쉬림프(M),684.32
SOME(썸) 페퍼로니(L),398.52
SOME(썸) 페퍼로니(M),459.36
SOME(썸) 허니크림치즈(L),446.4
SOME(썸) 허니크림치즈(M),533.12
갈릭스테이크 (씬) M,237.76
갈릭스테이크피자 (씬 L),373.18
갈릭스테이크피자 (씬 M),433.79
갈릭스테이크피자 (오리지널 L),641.59
갈릭스테이크피자 (오리지널 M),757.75
갈릭스테이크피자 씬L,537.12
갈릭스테이크피자 씬XL,838.8
갈릭스테이크피자 팬L,848.12
갈릭치킨바베큐 피자,261
감자피자 씬XL,438.96
감자피자 씬L,629
감자피자 팬XL,891.1
감자피자 팬L,570
감자피자(씬) L,285.8
게살몽땅(살사소스) 골드 L,644.39
게살몽땅(살사소스) 골드 R,282.08
게살몽땅(살사소스) 오리진 L,304.61
게살몽땅(살사소스) 오리진 R,827.78
게살몽땅(살사소스)_Premium gold pizza_L,421.42
게살몽땅(살사소스)_Premium gold pizza_R,252.08
게살몽땅(살사소스)_Premium orgin pizza_L,272.32
게살몽땅(살사소스)_Premium orgin pizza_R,704
게살통통피자 씬XL,451.44
게살통통피자 씬L,649.38
게살통통피자 팬L,616.14
고구마 바이트 피자,351.41
고구마 피자,977.71
고구마(레귤러2조각),664.17
고구마(스크린),323.13
고구마무스바이트(L),406.1
고구마피자,243.81
고구마피자 L,272.48
고구마피자 M,802.78
고구마피자 씬XL,570.84
고구마피자 씬L,824.32
고구마피자 팬XL,280.16
고구마피자 팬L,722.1
고구마피자(라이스골드) F,837.69
고구마피자(라이스골드) L,776.74
고구마피자(라이스골드) R,441.67
고구마피자(라이스바이트) F,943.1
고구마피자(라이스바이트) L,878.69
고구마피자(라이스바이트) R,570.87
고구마피자(백미) L,258.66
고구마피자(백미) R,703.23
고구마피자(석쇠) F,498.41
고구마피자(석쇠) L,409.33
고구마피자(석쇠) R,765.19
고구마피자(씬) L,296.09
고구마피자(치즈크러스트) F,597.35
고구마피자(치즈크러스트) L,606.69
고구마피자(치즈크러스트) R,356.6
고구마피자(팬) F,588.93
고구마피자(팬) L,472.1
고구마피자(팬) R,876.3
고구마피자(흑미) L,265.44
고구마피자(흑미) R,726.77
곤졸라(스크린),291.14
곤졸라(치크),413.83
곤졸라(팬),302.47
곤졸라(피타),155.37
곤졸라(피타2조각),626.18
골드 고구마 피자,402.84
골드 고구마 피자 L,231.82
골드 불고기 피자,344.68
골드 불고기 피자 L,228.78
골드 스테이크불갈비 피자,380.56
골드 스테이크불갈비 피자 L,228.57
골드 야채 피자,302.48
골드 이탈리안치즈 피자,326.56
골드 콤비네이션 피자,333.92
골드 콤비네이션 피자 L,222.28
골드 텐더치킨 피자,415.8
골드 텐더치킨 피자 L,237.82
골드 페파로니 피자,372.89
골드 포테이토 피자,404.12
골드 포테이토 피자 L,231.3
골드스파이치킨피자,415.8
골드큐브(스크린),510.52
골드큐브(치크),793.54
골드큐브(팬),623.55
골드큐브(피타),469.86
골드텐더&쉬림프 피자,390.78
골드포테이토피자,400.98
골든고구마(L),305.1
골든고구마(M),265.2
골든고구마(킹),1065
골든고구마피자,166.69
골든궁중떡갈비(L),330.6
골든궁중떡갈비(M),254.8
골든단갈릭(L),469.35
골든단갈릭(M),395.3
골든단호박카사(L),384.3
골든단호박카사(M),470.4
골든리치킨바베큐(L),405.65
골든리치킨바비큐(M),432.25
골든베이컨(L),294.3
골든베이컨(M),288.9
골든베이컨(킹),1025
골든베이컨포테이토(L),387.5
골든베이컨포테이토(M),378.2
골든베이컨피자,161.46
골든불갈비(L),324.5
골든불갈비(M),313.2
골든불갈비(킹),1110
골든불갈비피자,163.53
골든불고기(L),656
골든불고기(M),648
골든불고기(킹),573.5
골든불고기피자,154
골든빅4랑(L),387.5
골든빅4랑피자,329.46
골든쉬림프(L),318.6
골든쉬림프(M),315.9
골든쉬림프(킹),1108.8
골든쉬림프바베큐감자피자,183.37
골든쉬림프바비큐(L),399.55
골든쉬림프바비큐(M),393.45
골든슈퍼콤비(L),305.25
골든슈퍼콤비(M),308
골든슈퍼콤비(킹),1000
골든슈퍼콤비피자,151.24
골든스위트피자 (씬 L),436.36
골든스위트피자 (씬 M),651.06
골든스위트피자 (오리지널 L),672.84
골든스위트피자 (오리지널 M),1067.83
골든스위티치킨(L),334.8
골든스위티치킨(M),329.4
골든스위티치킨(킹),1158.3
골든야채피자,162.81
골든치즈(킹),928.2
골든치즈피자,140.89
골든카사바피자,206.8
골든크런치포테이토피자,257.61
골든통고구마피자,156.56
골든트리플스윗피자,146.16
골든페페로니(L),886.9
골든페페로니(M),868.15
골든페페로니(킹),319.5
골든페페로니피자,154.77
골든포테이토(L),275.4
골든포테이토(M),324.8
골든포테이토(킹),933.8
골든포테이토피자,170.15
골든포테이토휠레(L),390.6
골든포테이토휠레(M),384.4
골든하아이언피자,144.54
골든핫치킨(L),345.15
골든핫치킨(M),448.5
골든핫치킨(킹),1188
골든핫치킨피자,180.6
그릴드포테이토피자 (씬 L),337.36
그릴드포테이토피자 (씬 M),415.66
그릴드포테이토피자 (오리지널 L),559.64
그릴드포테이토피자 (오리지널 M),729.42
그릴환타지 피자 냉동생지도우,517.5
그릴환타지 피자 생지도우,523.11
까르보네 피자,883.2
까르보네피자,246.65
깐쇼새우피자,351
나폴리피자,1007
뉴욕스페셜 오리진 L,288.12
뉴욕스페셜 오리진 R,660.61
뉴욕스페셜 치즈캡 L,354.77
뉴욕스페셜 치즈캡 R,862.76
단팥크러스트피자 L,867.75
단팥크러스트피자 M,424.7
단호박피자,810.3
단호박피자 L,243
단호박피자 M,536
단호박피자(라이스골드) F,812.61
단호박피자(라이스골드) L,761.19
단호박피자(라이스골드) R,433.59
단호박피자(라이스바이트) F,915.63
단호박피자(라이스바이트) L,861.94
단호박피자(라이스바이트) R,561.59
단호박피자(백미) L,253.38
단호박피자(백미) R,691.21
단호박피자(석쇠) F,482.42
단호박피자(석쇠) L,398.57
단호박피자(석쇠) R,745.37
단호박피자(치즈크러스트) F,579.72
단호박피자(치즈크러스트) L,592.98
단호박피자(치즈크러스트) R,349.36
단호박피자(팬) F,570.99
단호박피자(팬) L,456.74
단호박피자(팬) R,854.46
단호박피자(흑미) L,259.82
단호박피자(흑미) R,713.8
닭갈비 골드 L,453.62
닭갈비 골드 R,295.99
닭갈비 누드 L,474.93
닭갈비 누드 R,309.85
닭갈비 오리진 L,339.65
닭갈비 오리진 R,879.88
닭갈비 치즈캡 L,411.69
닭갈비 치즈캡 R,279.03
닭갈비 쿠키 L,575.6
닭갈비 쿠키 R,378.88
닭안심살피자,462
더 스페셜 까망베르  M,536.05
더 스페셜 데미그라스 비프 M,672.62
더 스페셜 바질 씨푸드 M,589.3
더 스페셜 쏘핫 치킨  M,642.4
더 스페셜 크림 치킨 M,684.18
더 스페셜 텐더 비프 M,670.93
더블데커(킹),880.65
더블바베큐피자 M,608
더블바베큐피자(L),949.6
더블크러스트 패스츄리,505.6
더블크러스트 패스트리 M,307.29
더블크러스트 프리모(더블L),457.24
더스페셜 골든포테이토(M),916.56
더스페셜 크림 치킨(M),616.14
데리 치킨 피자,259.48
데리치킨&불고기 바이트 피자,257.42
데리콤비디럭스엣지,334.48
도이치바이트 피자,1005.8
도이치휠레 (나폴리L),567.85
도이치휠레 (오리지널) M,230.08
도이치휠레피자 (씬 L),474.82
도이치휠레피자 (씬 M),580.01
도이치휠레피자 (오리지널 L),720.36
도이치휠레피자 (오리지널 M),247.62
디럭스치즈 라이스골드L,541.12
디럭스치즈 라이스골드R,316.17
디럭스치즈 라이스바이트L,626.34
디럭스치즈 라이스바이트R,426.67
디럭스치즈 백미떡도우L,553.72
디럭스치즈 백미떡도우R,416.69
디럭스치즈 석쇠L,984.17
디럭스치즈 석쇠R,451.08
디럭스치즈 치즈크러스트L,400.71
디럭스치즈 치즈크러스트R,979.2
디럭스치즈 팬R,536.03
디럭스치즈 흑미떡도우L,572.2
디럭스치즈 흑미떡도우R,536.03
디럭스치즈피자(라이스골드) F,567.05
디럭스치즈피자(라이스바이트) F,652.65
디럭스치즈피자(석쇠) F,297.65
디럭스치즈피자(치즈크러스트) F,375.13
디럭스치즈피자(팬) F,367.41
디럭스피자 씬XL,693.72
디럭스피자 씬L,787.5
디럭스피자 팬L,876.96
떡갈비 골드 L,476.2
떡갈비 골드 R,291.61
떡갈비 누드 L,497.98
떡갈비 누드 R,305.59
떡갈비 오리진 L,359.2
떡갈비 오리진 R,865.15
떡갈비 치즈캡 L,436.79
떡갈비 쿠키 L,597.29
떡갈비 쿠키 R,371.39
랍스타 골드L,414.84
랍스타 골드R,720.45
랍스타 누드 L,607.88
랍스타 누드 R,291.07
랍스타 라이스골드L,704.9
랍스타 라이스골드R,404.17
랍스타 라이스바이트L,802.08
랍스타 라이스바이트R,528.07
랍스타 백미떡도우L,218.81
랍스타 백미떡도우R,612.43
랍스타 석쇠L,357.89
랍스타 석쇠R,668.28
랍스타 오리진L,290.14
랍스타 오리진R,503.48
랍스타 치즈캡L,379.51
랍스타 치즈캡R,685.42
랍스타 치즈크러스트L,543.42
랍스타 치즈크러스트R,322.99
랍스타 쿠키 L,744.16
랍스타 쿠키 R,356.17
랍스타 팬L,413.33
랍스타 팬R,772.08
랍스타 흑미떡도우L,225.03
랍스타 흑미떡도우R,634.28
랍스타피자(라이스골드) F,757.4
랍스타피자(라이스바이트) F,857.46
랍스타피자(석쇠) F,440.31
랍스타피자(치즈크러스트) F,533.39
랍스타피자(팬) F,525.31
레드썬치킨피자 씬XL,660.1
레드썬치킨피자 씬L,423.12
레드썬치킨피자 팬L,535.76
레이디한우피자 L,853.06
레이디한우피자 M,513
로맨틱콤보(L 골드엣지),557.72
로맨틱콤보(L 에그타르트엣지),570.86
로맨틱콤보(L 오리진엣지),414.54
로맨틱콤보(L 치즈캡엣지),516.06
로맨틱콤보(L 크림치즈엣지),601.92
로맨틱콤보(L 해쉬브라운엣지),589.04
로맨틱콤보(R 골드엣지),904.28
로맨틱콤보(R 에그타르트엣지),930.6
로맨틱콤보(R 오리진엣지),659.2
로맨틱콤보(R 치즈캡엣지),864.8
로맨틱콤보(R 크림치즈엣지),975
로맨틱콤보(R 해쉬브라운엣지),962.64
로맨틱콤보(해쉬브라운 엣지) L,589.04
로맨틱콤보(해쉬브라운 엣지) R,962.64
로인크레페피자,250
리얼바비큐(나L),306.9
리얼바비큐(씬L),1001.7
리얼바비큐(오L),509.01
리치골드  스파이시치킨 F,476.8
리치골드  스파이시치킨 M,401.2
리치골드  스파이시치킨 오리지널 F,505.11
리치골드  스파이시치킨 오리지널 M,409.36
리치골드  치즈 F,338.13
리치골드  치즈 M,305.25
리치골드 더블 바비큐(L),373.75
리치골드 더블 바비큐(M),353.32
리치골드 더블바비큐 F,415.61
리치골드 더블바비큐 M,391.28
리치골드 바비큐 치킨(L),393.45
리치골드 바비큐 치킨(M),361.12
리치골드 바비큐치킨 F,237.21
리치골드 베이컨 포테이토(L),446.88
리치골드 베이컨 포테이토(M),397.5
리치골드 베이컨포테이토 F,246.01
리치골드 수퍼 슈프림(L),363
리치골드 수퍼 슈프림(M),319.79
리치골드 스파이시치킨 마일드 F,539.49
리치골드 스파이시치킨 마일드 M,448.2
리치골드 야채 F,323.3
리치골드 야채 M,295.8
리치골드 직화불고기(L),358.68
리치골드 직화불고기(M),339.84
리치골드 코코넛 쉬림프 F,506.6
리치골드 코코넛 쉬림프 M,526.99
리치골드 페퍼로니 F,307.8
리치골드 페퍼로니 M,278.64
리치골드 하와이안 F,335.17
리치골드 하와이안 M,305.9
리치골드ll 더블바비큐 F,503.58
리치골드ll 더블바비큐 M,470.64
리치골드ll 바비큐 치킨 F,522.81
리치골드ll 바비큐 치킨 M,481.5
리치골드ll 베이컨 포테이토 F,589.68
리치골드ll 베이컨 포테이토 M,521.36
리치골드ll 수퍼 슈프림 F,488.72
리치골드ll 수퍼 슈프림 M,429.51
리치골드ll 스파이시치킨 F,569.08
리치골드ll 스파이시치킨 M,481.5
리치골드ll 스파이시치킨 마일드 F,633.42
리치골드ll 스파이시치킨 마일드 M,528.36
리치골드ll 스파이시치킨 오리지널 F,595.32
리치골드ll 스파이시치킨 오리지널 M,501
리치골드ll 야채 F,401.41
리치골드ll 야채 M,361.2
리치골드ll 직화 불고기 F,483
리치골드ll 직화 불고기 M,450.72
리치골드ll 치즈 F,415.27
리치골드ll 치즈 M,372
리치골드ll 코코넛 쉬림프 F,603.52
리치골드ll 코코넛 쉬림프 M,618.75
리치골드ll 페퍼로니 F,381.44
리치골드ll 페퍼로니 M,343.64
리치골드ll 하와이안 M,375.39
리치골드미니 바비큐 치킨,584.82
리치골드미니베이컨 포테이토,585.12
리치골드미니수퍼 슈프림,567.22
리치골드미니스파이시 치킨,633.68
리치골드미니직화 불고기,555.36
리치골드베이컨 포테이토 F,497.28
리치골드베이컨 포테이토 M,438.84
리치골드수퍼 슈프림 F,405
리치골드수퍼 슈프림 M,356.58
리치골드직화 불고기 F,399.84
리치골드직화 불고기 M,377.28
리치바이트(L),330
리치바이트(킹),799
리치바이트피자,201.52
마루 콤비네이션 피자,765.7
메가불고기더블(L),465.85
멕시칸바이트 피자,1029
멕시칸칠리 오리진 L,330.57
멕시칸칠리 오리진 R,780.07
멕시칸칠리 치즈캡 L,401.76
멕시칸칠리 치즈캡 R,249.66
명품쌀피자 불고기 피자 L,244.07
명품쌀피자 슈퍼콤비네이션 피자 L,249.08
명품쌀피자 야채피자 L,253.39
명품쌀피자 치즈피자 L,273.96
명품쌀피자 페파로니 피자 L,274.35
명품쌀피자 포테이토 피자 L,232.48
미스터피자콤보 오리진 L,330.59
미스터피자콤보 오리진 R,831.73
미스터피자콤보 치즈캡 L,401.71
미스터피자콤보 치즈캡 R,262.96
바베큐폭립 피자,286
바베큐휠레피자,296.06
바사크브런치(스크린),409.34
바사크브런치(피타),381.37
바사크새우(스크린),340.55
바사크새우(피타2조각),924.84
바이트골드피자 L,366.8
발사믹피자 F,704.26
발사믹피자 L,607.02
발사믹피자 R,373.66
밤고구마 라이스골드,447.92
밤고구마 라이스바이트,580.93
밤고구마 백미떡도우,244.05
밤고구마 석쇠,211.98
밤고구마 치즈크러스트,353.48
밤고구마 팬,234.83
밤고구마 흑미떡도우,250.86
밤스위트골드 F,772.97
밤스위트골드 L,255.67
밤스위트골드L,668.31
밤스위트골드R,384.11
밤호박 라이스골드,418.65
밤호박 라이스바이트,546.64
밤호박 백미떡도우,223.72
밤호박 석쇠,192.57
밤호박 치즈크러스트,327.96
밤호박 팬,214.31
밤호박 흑미떡도우,229.93
버섯야채피자 씬XL,717.32
버섯야채피자 씬L,813.12
버섯야채피자 팬L,442.47
버섯야채피자(씬) L,287.6
베이컨살라미(레귤러),128.02
베이컨살라미(스크린),424.43
베이컨살라미(팬),406.32
베이컨살라미(피타),257.66
베이컨수프림(레귤러),537.07
베이컨수프림(스크린),537.14
베이컨수프림(치크),965.24
베이컨수프림(팬),771.98
베이컨수프림(피타),543.99
베이컨체다치즈 (나폴리L),1002.37
베이컨체다치즈 (씬L) 1조각,264.79
베이컨체다치즈(스몰피자),618.64
베이컨체다치즈피자 (씬 M),473.16
베이컨체다치즈피자 (오리지널 L),436.5
베이컨체다치즈피자 (오리지널 M),571.69
베이컨포테이토바이트(L),422.1
베이컨포테이토바이트피자,213.3
베지테리안 오리진 L,249.04
베지테리안 오리진 R,586.94
베지테리안 치즈캡 L,313.94
베지테리안 치즈캡 R,778.2
볶은김치불고기(L),428.8
볶은김치불고기(M),422.4
불갈비바이트(L),335.5
불갈비바이트(킹),1155
불갈비바이트피자,215.67
불갈비피자,899.64
불갈비피자(L),796.3
불갈비피자[R],487.04
불고기 (나폴리L),251.37
불고기 (씬L),241.04
불고기 (오리지널L),421.34
불고기 바이트 피자,297.11
불고기 피자,802.8
불고기 피자(씬) L,286.37
불고기(레귤러),84.32
불고기(레귤러2조각),340.12
불고기(스몰피자),578.33
불고기(스크린),277.01
불고기(치크),455.23
불고기(팬),358.09
불고기(피타),143.14
불고기피자,233.74
불고기피자  (씬 L),963.98
불고기피자 (씬 M),627.51
불고기피자 (오리지널 L),421.34
불고기피자 (오리지널 M),596.7
불고기피자 L,761.4
불고기피자 M,465.99
불고기피자 씬XL,784
불고기피자 씬L,894.33
불고기피자 오리진 L,268.63
불고기피자 오리진 R,651.15
불고기피자 치즈캡 L,333.12
불고기피자 치즈캡 R,851.89
불고기피자 팬XL,711.76
불고기피자 팬L,455.88
불고기피자(L),761.05
불고기피자[R],465.48
빙고슈프림 피자(씬) L,304.12
빙고슈프림피자 씬XL,758.31
빙고슈프림피자 씬L,861.72
수제 소시지 피자,779.22
수퍼수프림(스크린),415.93
수퍼슈프림(레귤러),127.92
수퍼슈프림(치크),602.49
수퍼슈프림(팬),403.28
수퍼슈프림(피타),272.38
쉬림푸스 (나폴리L),415.93
쉬림푸스 (씬) M,230.1
쉬림푸스 (씬 L),331.85
쉬림푸스 (오리지널L),587.52
쉬림푸스피자 (씬 M),482.3
쉬림푸스피자 (오리지널 M),842.5
쉬림프 누드 L,418.41
쉬림프 누드 R,293.25
쉬림프 오리진 L,292.17
쉬림프 오리진 R,824.06
쉬림프골드,352.64
쉬림프골드 L,473.29
쉬림프골드 R,804.38
쉬림프디럭스엣지,313.96
슈퍼디럭스 (나폴리L),342.82
슈퍼디럭스 (씬L),290.18
슈퍼디럭스 (오리지널L),517.11
슈퍼디럭스(스몰피자),690.56
슈퍼디럭스피자 (씬 M),337.07
슈퍼디럭스피자 (오리지널 M),660.68
슈퍼슈프림 (나폴리L),348.35
슈퍼슈프림 (씬L),342.11
슈퍼슈프림 (오리지널L),562.22
슈퍼슈프림 라이스골드L,654.72
슈퍼슈프림 라이스골드R,380.69
슈퍼슈프림 라이스바이트L,748.31
슈퍼슈프림 라이스바이트R,501.13
슈퍼슈프림 백미떡도우L,196.17
슈퍼슈프림 백미떡도우R,561.29
슈퍼슈프림 석쇠L,322.76
슈퍼슈프림 석쇠R,609.39
슈퍼슈프림 치즈크러스트L,654.72
슈퍼슈프림 치즈크러스트R,302.04
슈퍼슈프림 팬L,378.37
슈퍼슈프림 팬R,708.19
슈퍼슈프림 흑미떡도우L,201.88
슈퍼슈프림 흑미떡도우R,581.71
슈퍼슈프림(스몰피자),736.92
슈퍼슈프림피자 (씬 L),352.29
슈퍼슈프림피자 (씬 M),398.4
슈퍼슈프림피자 (오리지널 L),557.19
슈퍼슈프림피자 (오리지널 M),706.41
슈퍼슈프림피자(라이스골드) F,681.57
슈퍼슈프림피자(라이스바이트) F,780.55
슈퍼슈프림피자(석쇠) F,382.72
슈퍼슈프림피자(치즈크러스트) F,469.87
슈퍼슈프림피자(팬) F,461.91
슈퍼콤비네이션피자 L,804.08
슈퍼콤비네이션피자 M,433.35
스위스퐁듀피자 (더블 L),625.82
스위스퐁듀피자 (더블 M),737.18
스위스퐁듀피자 (씬 L),315.85
스위스퐁듀피자 (씬 M),430.92
스위스퐁듀피자 (오리지널 L),546.13
스위스퐁듀피자 (오리지널 M),778.41
스위트 히든엣지(오리지널L),664.09
스위트골드(스크린),443.11
스위트골드(팬),443.08
스위트골드(피타),373.46
스위트골드피자 L,827.84
스위트골드피자 M,483.36
스위트포테이토(레귤러),164.99
스위트포테이토(스크린),323.14
스위트포테이토(치크),534.36
스위트포테이토(팬),409.08
스위트포테이토(피타),237.63
스위티피자 오리진 L,488.61
스위티피자 오리진 R,848.86
스위티피자 치즈캡 L,574.39
스위티피자 치즈캡 R,269.06
스윗나마스떼(스크린),418.7
스윗나마스떼(치크),843.07
스윗나마스떼(팬),667.07
스윗나마스떼(피타),358.91
스테이크 불갈비 바이트 피자,330.62
스테이크 불갈비 피자,913.33
스테이크+불새피자,251.69
스테이크새우피자(L),945.6
스테이크새우피자[R],582.4
스테이크피자,803.25
스페셜쌀피자 고구마피자 L,242.48
스페셜쌀피자 단호박피자 L,242.87
스페셜쌀피자 도이치소시지피자 L,275.7
스페셜쌀피자 스위트골드피자 L,234.92
스피나치오크레마(스크린),395.41
스피나치오크레마(치크),548.08
스피나치오크레마(팬),407.33
스피나치오크레마(피타),298.62
시크릿가든 누드 R,269.64
시크릿가든 오리진 L,355.39
시크릿가든 오리진 R,745.28
시크릿가든 치즈캡 R,240.96
시크릿가든 쿠키 R,334.08
씨크릿가든_Premium gold pizza_L,471.76
씨크릿가든_Premium gold pizza_R,256.71
씨푸드 퐁듀(L 나폴리도우),234
씨푸드 퐁듀(L 씬도우),690.2
씨푸드 퐁듀(L 오리지널도우),355.6
씨푸드 퐁듀(M 나폴리도우),547.4
씨푸드 퐁듀(M 씬도우),561.6
씨푸드 퐁듀(M 오리지널도우),910.52
씨푸드골드피자 L,335.5
씨푸드골드피자 M,947.1
씨푸드골드피자[R],948.08
씨푸드아일랜드2 골드 L,452.15
씨푸드아일랜드2 골드 R,383.2
씨푸드아일랜드2 누드 L,476.9
씨푸드아일랜드2 누드 R,395.86
씨푸드아일랜드2 오리진 L,341.4
씨푸드아일랜드2 오리진 R,294.67
씨푸드아일랜드2 치즈캡 L,413.66
씨푸드아일랜드2 치즈캡 R,361.06
씨푸드아일랜드2 쿠키 L,571.61
씨푸드아일랜드2 쿠키 R,475.9
씨푸드앤갈릭포테이토(L),411
씨푸드앤갈릭포테이토(M),408
씨푸드앤갈릭포테이토(킹),1424.5
씨푸뜨아(스크린),401.88
씨푸뜨아(치크),582.74
씨푸뜨아(팬),438.19
씨푸뜨아(피타),403.62
씬 더블바비큐 L,671.61
씬 더블바비큐 R,556.05
씬 바비큐 치킨 L,718.2
씬 바비큐 치킨 R,581.36
씬 베이컨 포테이토 L,877.59
씬 베이컨 포테이토 R,673.38
씬 수퍼 슈프림 L,640.32
씬 수퍼 슈프림 R,475.31
씬 야채 L,442.52
씬 야채 R,335.36
씬 직화 불고기 L,623
씬 직화 불고기 R,519.93
씬 치즈 L,474.02
씬 치즈 R,359.38
씬 페퍼로니 L,402.17
씬 페퍼로니 R,303.97
씬 하와이안 L,470.12
씬 하와이안 R,359.41
아이다호포테이토(스크린),440.98
아이다호포테이토(치크),589.49
아이다호포테이토(팬),435.54
아이다호포테이토(피타),276.84
아이리쉬포테이토피자,809.6
야채 바이트 피자,275.63
야채피자,726
야채피자 L,600.24
야채피자 M,419.22
야채피자(레귤러),84.59
야채피자(스크린),213.3
야채피자(치크),559.28
야채피자(팬),249.89
야채피자(피타),104.63
야채피자[R],418.65
오마이립 골드 L,442.93
오마이립 골드 R,299.74
오마이립 누드 L,463.96
오마이립 누드 R,310.95
오마이립 오리진 L,330.47
오마이립 오리진 R,888.44
오마이립 치즈캡 L,404.79
오마이립 치즈캡 R,280.25
오마이립 쿠키 L,561.76
오마이립 쿠키 R,378.32
옥토쉬림프(스크린),379.28
옥토쉬림프(치크),518.15
옥토쉬림프(팬),566.8
옥토쉬림프(피타),167.72
올라스페인피자 (씬 L),469.3
올라스페인피자 (씬 M),582.97
올라스페인피자 (오리지널 L),709.85
올라스페인피자 (오리지널 M),229.3
웨스틴콤보(L),550.8
유어스페셜_Special pizza_L,586.41
유어스페셜_Special pizza_R,371.63
이탈리안 갈릭스테이크 (나폴리L),458.64
이탈리안 갈릭스테이크 (씬L),373.18
이탈리안 갈릭스테이크 (오리지널L),641.59
이탈리안 베이컨 피자,572.76
이탈리안 소시지 피자 냉동생지도우,514.3
이탈리안 소시지 피자 생지도우,525.4
이탈리안 치즈 피자,751.43
이탈리안치즈 바이트 피자,279.87
점보 고구마 피자,1150.46
점보 불고기 피자,840.26
점보 불고기피자 L,1148.45
점보 스테이크불갈비 피자,1010.24
점보 콤비네디션피자 L,973.75
점보 포테이토 피자,1000.02
점보 포테이토피자 L,1136.25
점보스폐셜피자,726
점보콤비네이션 피자,965.12
죽순핫갈비 라이스골드,604.12
죽순핫갈비 라이스바이트,721.66
죽순핫갈비 백미떡도우,254.78
죽순핫갈비 석쇠,315.98
죽순핫갈비 치즈크러스트,463.88
죽순핫갈비 팬,359.47
죽순핫갈비 흑미떡도우,261.55
진짜게살피자 L,1005.28
진짜게살피자 M,668.64
짱감자 라이스골드L,695.39
짱감자 라이스골드R,406.91
짱감자 라이스바이트L,791.89
짱감자 라이스바이트R,531.19
짱감자 백미떡도우L,214.22
짱감자 백미떡도우R,620.59
짱감자 석쇠L,351.22
짱감자 석쇠R,675.55
짱감자 치즈크러스트L,535.08
짱감자 치즈크러스트R,325.46
짱감자 팬L,406.09
짱감자 팬R,779.8
짱감자 흑미떡도우L,220.32
짱감자 흑미떡도우R,642.46
짱감자피자(라이스골드) F,687.99
짱감자피자(라이스바이트) F,783.21
짱감자피자(석쇠) F,384.51
짱감자피자(치즈크러스트) F,471.87
짱감자피자(팬) F,464.05
치즈 (나폴리L),161.69
치즈 (씬L),168.3
치즈 (오리지널L),302.63
치즈 피자,649.7
치즈바삭 더블 바비큐(L),305.64
치즈바삭 더블 바비큐(M),1056
치즈바삭 바비큐 치킨(L),291.72
치즈바삭 바비큐 치킨(M),1012.7
치즈바삭 베이컨 포테이토(L),371.45
치즈바삭 베이컨 포테이토(M),295.8
치즈바삭 수퍼 슈프림(L),299.73
치즈바삭 수퍼 슈프림(M),960.48
치즈바삭 직화 불고기(L),289.12
치즈바삭 직화 불고기(M),994.56
치즈바삭 치즈킹(L),352.98
치즈바삭 치즈킹(M),331.56
치즈바삭 통베이컨스테이크(L),303.68
치즈바삭 통베이컨스테이크(M),1056.9
치즈바이트 더블바비큐 F,492.26
치즈바이트 더블바비큐 M,443.04
치즈바이트 바비큐 치킨 F,509.74
치즈바이트 바비큐 치킨 M,453.6
치즈바이트 바비큐치킨 F,247.33
치즈바이트 베이컨 포테이토 F,579.2
치즈바이트 베이컨 포테이토 M,492.02
치즈바이트 수퍼 슈프림 F,477.42
치즈바이트 수퍼 슈프림 M,406.02
치즈바이트 스파이시치킨 F,557.06
치즈바이트 스파이시치킨 M,453.6
치즈바이트 스파이시치킨 마일드 F,620.1
치즈바이트 스파이시치킨 마일드 M,501.93
치즈바이트 스파이시치킨 오리지널 F,582.82
치즈바이트 스파이시치킨 오리지널 M,472.32
치즈바이트 야채 F,356.24
치즈바이트 야채 M,347.2
치즈바이트 직화 불고기 F,471.87
치즈바이트 직화 불고기 M,426.73
치즈바이트 치즈 F,403.2
치즈바이트 치즈 M,349.86
치즈바이트 치즈킹 F,264.61
치즈바이트 코코넛 쉬림프 F,590.87
치즈바이트 코코넛 쉬림프 M,586.71
치즈바이트 페퍼로니 F,370
치즈바이트 페퍼로니 M,322.48
치즈바이트 하와이안 F,399.96
치즈바이트 하와이안 M,350.55
치즈케이크샌드,554.77
치즈케이크샌드 M,240.54
치즈크러스트 더블 바비큐(L),381.78
치즈크러스트 더블 바비큐(M),330.6
치즈크러스트 바비큐 치킨(L),398.61
치즈크러스트 바비큐 치킨(M),342.2
치즈크러스트 베이컨 포테이토(L),452.2
치즈크러스트 베이컨 포테이토(M),374.4
치즈크러스트 수퍼 슈프림(L),372.1
치즈크러스트 수퍼 슈프림(M),300.84
치즈크러스트 스파이시치킨 F,484.5
치즈크러스트 스파이시치킨 M,380.16
치즈크러스트 스파이시치킨 마일드 F,543.16
치즈크러스트 스파이시치킨 마일드 M,422.5
치즈크러스트 스파이시치킨 오리지널 F,508.5
치즈크러스트 스파이시치킨 오리지널 M,397.32
치즈크러스트 야채 F,330.87
치즈크러스트 야채 M,275.28
치즈크러스트 직화 불고기(L),363.56
치즈크러스트 직화 불고기(M),316.4
치즈크러스트 치즈킹(L),430.53
치즈크러스트 치즈킹(M),401.38
치즈크러스트 코코넛 쉬림프 F,517.5
치즈크러스트 코코넛 쉬림프 M,499.32
치즈크러스트 페퍼로니 F,312.36
치즈크러스트 페퍼로니 M,258.53
치즈크러스트 하와이안 F,340.01
치즈크러스트 하와이안 M,284.9
치즈크러스트미니  베이컨 포테이토,575.64
치즈크러스트미니 바비큐 치킨,580.8
치즈크러스트미니 수퍼 슈프림,558
치즈크러스트미니 스파이시 치킨,576.19
치즈크러스트미니 직화 불고기,546.21
치즈팡(라이스골드) F,746.42
치즈팡(라이스골드) L,729.1
치즈팡(라이스골드) R,441.58
치즈팡(라이스바이트) F,844.89
치즈팡(라이스바이트) L,827.67
치즈팡(라이스바이트) R,570.64
치즈팡(백미) L,236.77
치즈팡(백미) R,720.95
치즈팡(석쇠) F,431.58
치즈팡(석쇠) L,375.63
치즈팡(석쇠) R,767.32
치즈팡(치즈크러스트) F,523.85
치즈팡(치즈크러스트) L,564.65
치즈팡(치즈크러스트) R,356.49
치즈팡(팬) F,515.3
치즈팡(팬) L,435.39
치즈팡(팬) R,877.34
치즈팡(흑미) L,242.87
치즈팡(흑미) R,743.05
치즈피자 (씬 L),630.85
치즈피자 (씬 M),427.14
치즈피자 (오리지널 L),308.99
치즈피자 (오리지널 M),427.3
치즈피자 L,628.68
치즈피자 M,352.17
치즈피자(레귤러),73.66
치즈피자(스크린),196.16
치즈피자(치크),484.89
치즈피자(팬),213.88
치즈피자(피타),87.72
치즈피자[R],351.62
치킨 바비큐 피자(씬) L,276.58
칠리타코(레귤러),91.72
칠리타코(스크린),251.53
칠리타코(치크),932.57
칠리타코(팬),301.89
칠리타코(피타),186.95
캐리비안PLUS F,620.94
캐리비안PLUS L,237.54
캐리비안플러스L,496.77
캐리비안플러스R,285.8
케이준쉬림프골드 F,800.25
케이준쉬림프골드 L,233.5
케이준쉬림프골드 R,411.26
콤비네이션 바이트 피자,287.11
콤비네이션 피자(씬) L,299.49
콤비네이션피자 씬XL,801.06
콤비네이션피자 팬XL,726.98
콤비네이션피자 팬L,464.1
콰트로치즈샌드,575.28
콰트로치즈샌드 M,267.23
크라운포켓 더블바비큐L,931.2
크라운포켓 더블바비큐M,705.6
크라운포켓 바비큐치킨L,244.42
크라운포켓 바비큐치킨M,730.06
크라운포켓 베이컨포테이토L,282.45
크라운포켓 베이컨포테이토M,831.26
크라운포켓 수퍼슈프림L,945.45
크라운포켓 수퍼슈프림M,667.2
크라운포켓 직화불고기L,906.24
크라운포켓 직화불고기M,687.24
크라운포켓 통베이컨 스테이크(L),958.08
크라운포켓 통베이컨 스테이크(M),729.12
크런치 골드 로스트 비프 L,923.4
크런치 골드 로스트 비프 M,942.28
크런치 골드 비프&쉬림프 L,927.52
크런치 골드 비프&쉬림프 M,924.38
크런치 골드 칠리 쉬림프 L,934.05
크런치 골드 칠리 쉬림프 M,904.25
크런치골드 로스트비프 L,282.59
크런치골드 치즈킹 L,254.78
크런치골드 칠리 쉬림프 L,244.46
크레이지 불새 피자,276.17
크리스피 감자 피자(씬) L,262.59
크리스피감자피자 씬XL,873.81
크리스피감자피자 씬L,560.33
크리스피감자피자 팬XL,831.25
크리스피감자피자 팬L,532
크림 쉬림프 피자,542.26
타이타레피자 (씬 L),384.25
타이타레피자 (씬 M),398.4
타이타레피자 (오리지널 L),588.6
타이타레피자 (오리지널 M),810.83
토핑들의 수다(L),804.1
토핑들의 수다(M),438.4
토핑들의 수다(킹),579.6
통감자새우피자 M,570.4
통감자새우피자(L),948.8
통돼지바베큐 라이스골드L,734.93
통돼지바베큐 라이스골드R,423.35
통돼지바베큐 라이스바이트L,834.17
통돼지바베큐 라이스바이트R,546.19
통돼지바베큐 백미떡도우L,234.59
통돼지바베큐 백미떡도우R,653.94
통돼지바베큐 석쇠L,379.16
통돼지바베큐 석쇠R,713.17
통돼지바베큐 치즈크러스트L,555.2
통돼지바베큐 치즈크러스트R,337.18
통돼지바베큐 팬L,439.64
통돼지바베큐 팬R,820.46
통돼지바베큐 흑미떡도우L,241.08
통돼지바베큐 흑미떡도우R,676.63
통돼지바베큐피자(라이스골드) F,793.07
통돼지바베큐피자(라이스바이트) F,895.56
통돼지바베큐피자(석쇠) F,467.48
통돼지바베큐피자(치즈크러스트) F,563.43
통돼지바베큐피자(팬) F,555.2
통새우피자 L,907.48
통새우피자 M,518
투인원골드,321.17
트리플미트(L),384.4
트리플미트(M),378.2
트리플치즈스위트피자 (L),817.72
트리플치즈콤비피자 (L),855.44
트위스트 쉬림프,552.96
트윈 크레페(L 씬도우),188.68
트윈 크레페(M 씬도우),607.41
파스트라미(치크),669.73
파스트라미(피타),244.01
파스트라미+브런치(스크린),451.75
파스트라미+브런치(피타),377.89
파스트라미[스크린],350.32
파스트라미[팬],510.24
파스트라미[피타],274.69
파인애플피자 L,717.95
파인애플피자 M,395.52
팬 더블바비큐 L,226.72
팬 더블바비큐 R,737.2
팬 바비큐 치킨 L,229.69
팬 바비큐 치킨 R,766.26
팬 베이컨 포테이토 L,274.32
팬 베이컨 포테이토(M),782.6
팬 수퍼 슈프림 L,841.48
팬 슈퍼 슈프림(M),575.58
팬 야채 L,623.9
팬 야채 R,478.85
팬 직화 불고기 L,822.56
팬 직화 불고기 R,691.9
팬 치즈 L,658.26
팬 치즈(M),458.85
팬 페퍼로니 L,579.04
팬 페퍼로니(M),394.97
팬 하와이안 L,651.3
팬 하와이안 R,508.56
페파로니 바이트 피자,319.29
페파로니 피자(씬) L,315.9
페파로니피자,863.44
페파로니피자 씬XL,738.52
페파로니피자 씬L,842.14
페파로니피자 팬L,427
페퍼로니 (나폴리L),220.27
페퍼로니 (씬L),201.07
페퍼로니 (오리지널L),373.81
페퍼로니 라이스골드L,573.76
페퍼로니 라이스골드R,337.98
페퍼로니 라이스바이트L,661.41
페퍼로니 라이스바이트R,448.29
페퍼로니 백미떡도우,621.18
페퍼로니 석쇠R,499.85
페퍼로니 치즈크러스트L,428.8
페퍼로니 팬L,314.14
페퍼로니 팬R,589
페퍼로니 흑미떡도우L,640.22
페퍼로니 흑미떡도우R,484.14
페퍼로니(레귤러),81.13
페퍼로니(스크린),448.09
페퍼로니(팬),433.95
페퍼로니(피타),237.56
페퍼로니(피타2조각),944.8
페퍼로니피자,302.63
페퍼로니피자 (씬 M),585.25
페퍼로니피자 (오리지널 L),373.81
페퍼로니피자 (오리지널 M),534.2
페퍼로니피자 L,603.84
페퍼로니피자 M,419.43
페퍼로니피자(라이스골드) F,604.47
페퍼로니피자(라이스바이트) F,692.52
페퍼로니피자(석쇠) F,321.55
페퍼로니피자(씬 L),804.3
페퍼로니피자(치즈크러스트) F,401.97
페퍼로니피자(팬) F,393.78
페퍼로니피자[R],419.6
페페로니 피자,623
페페로니(스크린),448.14
포테이토 (나폴리L),338.25
포테이토 (씬L),335.55
포테이토 (오리지널L),582.75
포테이토 골드 R,312.35
포테이토 바이트 피자,355.65
포테이토 스위트 히든엣지(L),709.37
포테이토 피자,991.58
포테이토(스몰피자),743.6
포테이토골드 L,429.67
포테이토골드 석쇠L,374.7
포테이토골드 석쇠R,737.15
포테이토골드(석쇠) F,548.03
포테이토골드(석쇠피자) L,248.73
포테이토스페셜(레귤러),343.79
포테이토스페셜(스크린),546.26
포테이토스페셜(치크),706.54
포테이토스페셜(팬),399.04
포테이토스페셜(피타),432.1
포테이토킹(스크린),432.3
포테이토킹(피타),315.18
포테이토킹+피쉬맨갈릭(스크린),418.08
포테이토킹+피쉬맨갈릭(피타),354.2
포테이토피자,981.64
포테이토피자 (씬 L),338.66
포테이토피자 (씬 M),351.88
포테이토피자 (오리지널 L),556.95
포테이토피자 (오리지널 M),685.52
포테이토피자 L,898.92
포테이토피자 M,575.12
포테이토피자 오리진 L,347.31
포테이토피자 오리진 R,943.68
포테이토피자 치즈캡 L,420.12
포테이토피자 치즈캡 R,295.7
포테이토피자(L),898.63
포테이토피자[R],574.88
포테토 + 고구마 피자,984.7
프리미엄 갈릭치킨바베큐 피자 L,221.73
프리미엄 게살몽땅 R,249.87
프리미엄 다독이 R,258.93
프리미엄 데리 치킨 피자 L,221.12
프리미엄 랍스타 R,241.43
프리미엄 쉬림프골드 R,215.64
프리미엄 시크릿가든 R,261.27
프리미엄 씨푸드아일랜드2 R,242.59
프리미엄 오마이립 R,252.3
프리미엄 크레이지 불새 피자 L,220.75
프리미엄 포테이토골드 R,233.56
프리미엄 하와이안쉬림프 피자 L,193.11
프리미엄베이컨피자 씬XL,859.81
프리미엄베이컨피자 씬L,553.22
프리미엄베이컨피자 팬L,787.15
프리미엄치킨바베큐피자 씬XL,731.2
프리미엄치킨바베큐피자 씬L,832.77
프리미엄치킨바베큐피자 팬XL,697
프리미엄치킨바베큐피자 팬L,445.4
피쉬맨갈릭(스크린),453.4
피쉬맨갈릭(피타),293.45
핀 치즈(L),658.26
하와이안 쉬림프 피자,239.82
하와이안딜라이트 오리진 L,280.3
하와이안딜라이트 오리진 R,725.17
하와이안딜라이트 치즈캡 L,346.2
하와이안딜라이트 치즈캡 R,931.7
하와이안피자  씬XL,486
하와이안피자 씬L,756
하와이안피자 팬L,477.48
하와이언 라이스골드L,618.32
하와이언 라이스골드R,356.54
하와이언 라이스바이트L,709.24
하와이언 라이스바이트R,473.34
하와이언 백미떡도우L,715.69
하와이언 백미떡도우R,505.41
하와이언 석쇠L,297.49
하와이언 석쇠R,545.4
하와이언 치즈크러스트L,467.56
하와이언 팬L,297.49
하와이언 팬R,638.65
하와이언 흑미떡도우L,736.41
하와이언 흑미떡도우R,524.29
하와이언피자,792
하와이언피자(라이스골드) F,656.04
하와이언피자(라이스바이트) F,752.54
하와이언피자(석쇠) F,363.06
하와이언피자(치즈크러스트) F,448.16
하와이언피자(팬) F,439.76
한우레드핫스테이크 라이스골드,733.16
한우레드핫스테이크 라이스바이트,862.51
한우레드핫스테이크 백미떡도우,340.58
한우레드핫스테이크 석쇠,410.9
한우레드핫스테이크 치즈크러스트,577.66
한우레드핫스테이크 팬,460.32
한우레드핫스테이크 흑미떡도우,348.42
한우불고기 라이스골드L,657.25
한우불고기 라이스골드R,380.93
한우불고기 라이스바이트L,751.08
한우불고기 라이스바이트R,501.42
한우불고기 백미떡도우L,194.21
한우불고기 백미떡도우R,558.98
한우불고기 석쇠L,324.42
한우불고기 석쇠R,609.61
한우불고기 치즈크러스트L,501.68
한우불고기 치즈크러스트R,302.36
한우불고기 팬L,377.09
한우불고기 팬R,708.63
한우불고기 흑미떡도우L,199.97
한우불고기 흑미떡도우R,579.65
한우불고기(라이스골드)  F,702.17
한우불고기(라이스바이트)  F,798.24
한우불고기(석쇠)  F,398.27
한우불고기(치즈크러스트)  F,487.11
한우불고기(팬)  F,479.14
한우불고기(팬) L,245.4
한우송이(치크),776.89
한우송이(피타),423.4
한우송이피자(스크린),502.5
한우송이피자(팬),604.54
한우핫불고기 라이스골드L,657.25
한우핫불고기 라이스골드R,380.93
한우핫불고기 라이스바이트L,751.08
한우핫불고기 라이스바이트R,501.42
한우핫불고기 백미떡도우L,194.21
한우핫불고기 백미떡도우R,558.98
한우핫불고기 석쇠L,324.42
한우핫불고기 석쇠R,609.61
한우핫불고기 치즈크러스트L,501.68
한우핫불고기 치즈크러스트R,302.25
한우핫불고기 팬L,377.09
한우핫불고기 팬R,708.63
한우핫불고기 흑미떡도우,579.65
한우핫불고기(라이스골드) F,570.39
한우핫불고기(라이스바이트) F,656.72
한우핫불고기(석쇠) F,300.49
한우핫불고기(치즈크러스트) F,378.23
한우핫불고기(팬) F,370.85
한우핫불고기(팬) L,260.66
핫바비큐(스크린),481.83
핫바비큐(피타),373.46
핫스파이스피자 L,802.76
핫스파이스피자 M,511.5
핫치킨  피자(씬) L,285.56
핫치킨 피자,836.6
핫치킨피자,904.02
핫치킨피자 씬L,537.04
핫치킨피자 팬L,449.79
핸즈업미트,380.2
핸즈업치즈,400.73
허니치킨피자 F,789.26
허니치킨피자 L,236.09
허니치킨피자 R,441.3
화이트갈릭(레귤러),304.19
화이트갈릭(스크린),548.09
화이트갈릭(치크),707.83
화이트갈릭(팬),374.48
화이트갈릭(피타),469.41
(특)롤케익,159.6
9곡발아식빵,112
가나슈생크림빵,216
가또쇼콜라파티,240
가을 품은 고구마,126
가을이 그리운 밤,176.8
갈릭러스크,248
갈릭바게뜨,368.65
갈릭앤치즈브레드,352.21
거울공주미미,270
건포도빵,320.01
검은콩 흑미이야기,119.7
고구마데니쉬,167.24
고구마맛스폰지,168.7
고구마생크림,136.5
고구마생크림 1호,125.3
고구마생크림케익,136.5
고구마소보루빵,280
고구마쉬폰,133.7
고구마크림데니쉬,372.18
고구마크림빵,139.43
고구마크림치즈패스츄리,360.91
고소한 고구마 생크림,135.1
고소한 호두롤,154
고소한핑거스틱,260
고소함가득 곡물브레드,330
곡물-롤케익(프레젠용),181.47
과일생크림미니,124.6
구름처럼 푹신한 크림빵,126
그 시절 옥수수카스테라,350
그대로토스트,195
그랜드카페모카,250
그레이프머핀,176.7
그루에,98.7
그린미니본델리슈,70
그린본델리슈,70
그린콩생크림빵,172.9
글레이즈드,439.66
글레이즈드 사워 크림,213.75
글레이즈드 초콜릿 케익,210
까망베르치즈머핀,552
까망베르치즈생크림,84.76
꼬마버스 타요 친구들,260
꽃다발한아름케이크,129.5
꽃밭에서 붕붕벌,230
나를위한선택 53.5,129.5
내가찾던모카케이크,240
내가찾던초코케이크,240
녹차&단팥 먼치킨,82.5
녹차도라야끼,99
녹차롤,171.5
녹차롤(미니),59.6
녹차롤(프레젠용),142.6
녹차롤케익,154
녹차만주,138.6
녹차빅글레이즈드,377.99
녹차생크림케익,99.76
녹차쉬폰,124.16
녹차쉬폰(M),104
녹차카스테라,80
뉴욕치즈케익 도넛,304.85
뉴치킨고로케,345.52
다크아몬드링,89.5
다크초콜릿마카다미아,543.07
단팥 츄잉볼,301.5
단팥빵,150
단호박검은깨식빵,112
달콤옥수수크림샌드,81
달콤한타르트,211.7
담백하고쫄깃한뜯어먹는식빵,282.73
더블 초코칩 크러핀,292.4
더블 초콜릿 아이스드,153
더블생크림,126
더블초콜렛머핀,351
더블치즈베이글,216
더치카카오머핀,540.5
던킨 글레이즈드,94.5
던킨 리얼카페모카,445.49
던킨 보스톤크림,380.65
던킨 스트로베리필드,350.9
던킨 올리브 츄이스티,428.7
던킨 카카오하니딥,460.67
던킨 카카오후로스티드,464.66
던킨 카푸치노 츄이스티,441.25
데코레이션케익(초코)단2호,93.53
데코레이션케익(초코)단7호,170.1
데코레이션케익(화이트)단1호,90.71
데코레이션케익(화이트)단2호,90.24
데코레이션케익(화이트)단3호,97.02
데코레이션케익(화이트)단4호,120.9
데코레이션케익(화이트)단5호,90.24
데코레이션케익(화이트)단7호,108.65
도라야끼,96
두유를 넣은 검은깨 두부,97.5
두유를 넣은 초코두부,102.5
드림 초코홀릭,168
디즈니car,260
딸기듬뿍티라미스,195
딸기롤,161.47
딸기롤(미니),54.6
딸기맛도너츠,106.2
딸기소프트케익,152.75
딸기쉐이크쉬폰,161
딸기요거트쉬폰,170
땅콩빵,167.28
땅콩안에 보이젠베리,240
땅콩크림빵,280
떡스폰지케익,192.4
라즈베리 필드,107.25
러브米식빵,124.6
러브러브초코,250
러블리초코테디,270
러블리핑크테디,260
레드베리스콘,225
로망스초코,230
로망스핑크,260
롤케익,147
롤케익 1호,159.6
롤케익 2호,156.1
롤케익(프레젠용),159.6
루피가만든맛있는케이크,280
루피의 두유크림빵,210
리얼녹차쉬폰,134.4
리틀엔젤초코,230
마늘토스트,375.24
마블링,93
마스카포네티라미스,205
마이 넘버원,230
마이넘버원2,240
마이베이비(블루),230
마이베이비(핑크),230
마이프린세스,280
마카롱모카,260
마카롱쇼콜라,250
말랑말랑샌드위치(소),105.95
말랑말랑샌드위치(통),123.9
맛있으면 바나나,176
망고 쿠키 먼치킨,162
매실생크림,116.2
먹으면 먹을수록 순수담백,84
메이플쉬폰,142.1
메이플스콘,232.5
메이플애플파운드,220.5
메이플파운드,229.4
명가명품 녹차,140
명가명품 벌꿀,140
명가명품 초코,65
명가명품(녹차카스테라),70
명가명품(벌꿀카스테라),70
명가통팥가득만주,175
모카 플라워,125.97
모카2단케이크,260
모카레즌생크림빵,182.16
모카롤,147.4
모카롤케익,154
모카쉬폰,149.1
모카슈생크림,111
모카스폰지,171.5
모카스폰지(소),161
모카스폰지케익,181.3
모카초코칩머핀,182.9
모카치즈케익,138.6
모카크림빵,164.15
모카크림식빵,401.05
모카플라워,125.97
목초란을 넣은 우유듬뿍빵,280
무설탕 식빵,126
미니 호두 크랜베리,244.2
미니도넛 6팩,189
미니딸기샌드,113.75
미니땅콩샌드,120.25
미니롤케익,80
미니만주,143
미니본델리슈,70
미니쉬폰,141
미니약식파운드(프레젠용),151.9
미니치즈케익,112.75
미니치즈파운드(프레젠용),124.83
미니카페케이크,240
미니호두파운드(프레젠용),152.52
미니호두파이,539
미미가좋아하는 초코칩크림빵,190
미스베어,150
미스터베어,135
밀그플러스 우유식빵,133
밀크쇼콜라,210
바나나생크림,95.4
바나나소프트케익,149.5
바나나호두머핀,522.5
바바리안먼치킨,133
바바리안필드,129
바삭바삭페스트리토스트,132.6
바움쿠헨플레인,147
밤빵,119
버터 러스크,264
버터스틱,214.32
버터파인애플빵,144.27
베리메리생크림1호,136.5
베리베리롤케익,154
베리요거트스푼,121.04
베리잼 듬뿍 요거티크림빵,136.5
베이컨 풀어파츠,209.1
베티블루베리쉬폰,140
벨기에밀크쇼콜라,270
벨기에화이트초코3호,250
벨기에화이트초코6호,260
보리카스테라,335
보스톤,122.4
보스톤크림,139.65
본델리슈,70
부드러운 초코 쉬폰,190
부드러운우유식빵,216
부드러운카푸치노,250
부드럽고촉촉한고구마케익,195
부드럽고촉촉한모카케익,187.5
부드럽고촉촉한초코케익,193.5
부드럽고촉촉한치즈케익,198.75
붕붕~꼬마버스타요,250
브라운브레드,446.4
블루마운틴 모카빵,163.52
블루베리 먼치킨,97.5
블루베리 치즈케익 도넛,238.7
블루베리&크림치즈,297
블루베리롤케익,220
블루베리머핀,351
블루베리쉬폰,205
블루베리슬림케익,84.93
블루베리요거트듬뿍,230
블루베리요거트듬뿍파티,210
블루베리요거트케이크,147
블루베리치즈쉬폰,99.82
블루베리치즈슬림,58.75
블루베리치즈케이크,133
블루베리컵케익,81.6
블루베리케익,106.8
블루베리크림치즈 머핀,411.64
블루베리크림치즈케이크,210
블루베리필드,138
블루베리휘낭시에,37.5
블루베리힐머핀,351
비스코티라이트,36
비스코티시나몬,39
빅 검은깨 고구마앙금빵,307.14
빅 아몬드 통팥빵,256.96
뽀로로소풍가는날,260
뽀로로와친구들의음악회,270
뽀로로의 기차여행,280
뽀롱뽀롱 마들렌,25
쁘디롤,180.56
쁘띠녹차롤,142.6
쁘띠딸기롤,145.53
쁘띠러브초코,91.18
쁘띠만주,50
쁘띠모카롤,135.7
쁘띠블루베리쉬폰,205
쁘띠초코롤,142.74
쁘띠치즈케이크,225
쁘띠카스테라,140.7
쁘띠컬렉션,159
사각사각! 애플필드,85
사과 도라야끼,90
사랑받는롤케익,154
사랑에 빠진 하트,182
산딸기롤케익,147
산딸기크림치즈파이,458.58
삼흑식빵,170
상큼!예산사과애플링,306.49
상큼한 블루베리롤,154
새콤달콤베리스푼,153.6
생일을 축하해,260
생크림소보루빵,421.09
생크림슈,90.72
생크림페스티발,132.48
샤뜰레케익,182
샤르르 녹는 고구마케익,204.8
샤르르 녹는 치즈번,160.3
샤르르르 녹는 치즈케익,226.32
샤르망,133.7
샤르망(블루베리),124.6
소보로빵,175.93
소세지빵,130.56
소시지 풀어파츠,243.8
소프트롤,227.64
소프트생크림식빵,129.5
쇼코엘레강,97.5
쇼콜라2단케이크,250
쇼콜라후르츠롤케이크,70
순수우유롤,281.27
순우리쌀케이크,205
슈가레이즈드,231
슈거 코티드,102.9
슈크림빵,180
스위스밀크쇼콜라,270
스위트롤,133.96
스위트후르츠,131.6
스윗월넛파운드,150
스콘,452.93
스타볼,160
스트로베리 쿠키 먼치킨,162
스트로베리&크림치즈,306
스트로베리먼치킨,93.6
스트로베리플라워타트,143
스트로베리필드,141
스틱소보루,208
스틱소보루빵,260
스페셜2호,300
스폰지,168
스폰지케익,188.7
스프링녹차롤,154
시간이만든부드러운토스트56h,122.5
시나몬레이즌베이글,396
시나몬츄러스,248
시나몬프레첼,370.26
시즌롤세트,147
시크릿1,230
시크릿2,210
식이섬유토스트식빵,220.5
쌀로 만든 라이스 크런치,105
쌀로만든 고소한 라이스,107.5
썸머산딸기롤,133
아몬드 트위스터,102.5
아몬드롤케익,168
아몬드초코크런치,122.5
아침보리,126
아침엔소프트모닝플러스,129.5
아침이상쾌한고식이섬유식빵,122.5
앙팡마들렌,144
애프터눈모카,250
애플시나몬머핀,387.22
약식파운드,151.2
어니언베이글,267.38
엄마가 미(米)는 우리쌀식빵,115.5
엄마가 미는 쌀식빵,165
에뚜아르초코,240
엔젤스폰지,220
엔젤케익,161.7
엘핀 단팥빵,360
연유크림 스틱브래드,105
오늘은 마이테디의생일케이크,310
오리지날카스테라,77.5
오리지널 글레이즈드,104
오리지널 크러핀,306
오리지널케익먼치킨,127.4
오메가곡물식빵,126
오후의카페모카,240
옥수수듬뿍옥수수식빵,299.4
옥수수스폰지(대),147
옥수수스폰지케익(소),120
옥수수식빵,122.5
옥수수조리빵,308.68
옥수수카스테라,340
요거트딸기롤,66
요거트롤(블루베리),60
요거트쉬폰,104.31
요거트실키롤(딸기),66
요거트실키롤(블루베리),60
"우리땅에서 난 
우리밀식빵",147
우리밀 갈릭 브레드칩,70.8
우리밀 모카케익 도넛,132
우리밀우리보리식빵,122.5
우리보리모닝롤,335.49
우리콩롤,179.2
우울할땐 달콤한 초코롤,90.75
우유식빵,133
월넛바나나머핀,369
윈터모카롤,154
유산균이들어있는애플요거티,123
일곱가지곡물식빵,211.5
자색고구마롤,172.2
자색고구마카스테라,75
자연그대로,112
"저온숙성 56시간
 부드러운 토스트",122.5
전원속으로 버터이야기,140
전원속으로 옥수수이야기,132.3
전원속으로 우유이야기,123.2
전원속으로 잡곡이야기,126
정통 파운드케익,138
젤리롤,122.5
진한치즈케이크,90.75
쫀득쫀득한 찰깨빵,394.52
쫄깃한 곡물식빵,225
쫄깃한 이탈리안 식빵,294.61
쫄깃한 찰떡브레드,274.64
착한주종 단팥빵,432
찰떡빵,192.64
찰진슈크림빵,242.25
찰토스트,127.4
체리생크림,84.27
체리파크 1호,114.8
초코 앤 화이트 케이크,185
초코&화이트커플,133
초코&화이트케이크,129.5
초코롤,146.94
초코롤(미니),57.33
초코롤케익,154
초코만주,168.3
초코머핀,272
초코미니쉬폰,135
초코베어,45
초코본델리슈,65
초코소라,160
초코소라빵,80
초코소프트케익,159.25
초코쉬폰,154
초코스콘,228.75
초코스틱,40.5
초코올드훼션드,148.5
초코와블루베리의듀얼스토리,84
초코체리휘낭시에,110
초코츄이스티,171.5
초코칩머핀,247.2
초코칩머핀 <특판용>,120.96
초코칩스콘,202.5
초코칩쏙쏙 화이트브레드,195
초코칩피칸쿠키,462.89
초코컵케익,86.4
초코휘낭시에,37.5
초콜릿 아이스드 커스터드 필드,212.8
초콜릿머핀,210
초콜릿케익(화이트)1호,122.1
초콜릿케익(화이트)3호,147.56
초콜릿케익(화이트)5호,151.28
초콜릿케익(화이트)단1호,128.18
초콜릿케익(화이트)단2호,131.57
초콜릿케익(화이트)단4호,112.86
초콜릿케익(화이트)미니,109.14
촉촉한 고구마케익,236
촉촉한 옥수수크럼블,93
촉촉한 치즈케익,236
촉촉한 치즈케익(우유),236
촉촉한초코케익,151.9
촉촉한치즈머핀,122.64
촉촉한케익,142.6
쵸코가나쉬,100
쵸코블러섬,114.95
쵸코크림브레드,370.5
쵸콜릿케이크(쵸코)2호,116.6
쵸콜릿케이크(쵸코)미니,102
추억의 단팥빵,193.6
치즈 풀어파츠,121
치즈가부드러운시간,347.68
치즈머핀,225
치즈베이글,117
치즈소시지베이글,126.75
치즈앤치즈머핀,369
치즈앤치즈붓세,76.5
치즈야채롤,364.38
치즈츄이스티,112.5
치즈카스테라,224
치즈파운드 1줄,124.83
치즈할리피뇨베이글,338.8
카라멜도라야끼,96
카라멜모카쉬폰,161
카라멜시나몬브레드,325.68
카스타드 크림빵,131.04
카스테라(미니),159.12
카카오 후로스티드,117.6
카카오하니딥,127.2
카카오하니딥먼치킨,127.4
카페 헤이즐넛,247.9
카페마카롱케이크,260
카페모카,117.7
카페모카롤,445.29
카페모카롤케익,126
카푸치노붓세,160
카푸치노츄이스티,112.5
카프치노붓세,72
커피번,448.32
코르네파이,260
콩범벅페스트리,208.17
콩크림치즈,283.65
쿠키앤치즈,75.2
쿠키앤치즈케이크,165
크라운초코,92.59
크랜베리 휘낭시에,120
크랜베리소보루패스츄리,423.34
크랜베리스콘,210
크랜베리월넛쿠키,495.09
크랜베리필드,107.25
크렌베리 브레드,265.83
크렌베리피칸,296.37
크로와상,120.4
크로크무슈,350.41
크림치즈머핀,191.75
크림치즈파운드,209.45
크림치즈호두빵,373.49
클래식모카,147
키스미쇼콜라,196
키즈 미니도넛 세트,183
키즈스토리케이크,240
키즈초코레이싱,90.24
통단팥품은계란빵,376.72
통밀자연그대로,122.5
통큰팥빵,150.15
특판케익(고구마맛),151.2
특판케익(고구마맛2단),149.8
특판케익(초코),137.2
특판케익(초코2단),135.8
티라미수 소프트링,142.6
티라미수 스퀘어 케잌,184.6
티라미스 케익,68.62
파리)녹차롤케익,133
파리)롤케익,147
파리)명가명품 녹차,70
파리)명가명품 벌꿀,70
파리)명가명품 초코,65
파리)모카스폰지,230
파리)잉글리쉬파운드케익,138
파리)호두파운드케익,150
파우더 스트로베리 필드,173.95
파운드,204.4
파인애플듬뿍패스츄리,233.59
파티파티치즈케이크,210
팥만주,240
펌킨 크림치즈 스퀘어,129
페스트리토스트,132.6
포레도？무,260
포쉬케익,64
포켓샌드 딸기요거티,212
포켓샌드 땅콩,192.5
포켓샌드 블루베리,172.2
폭신폭신우유빵,273.93
푸를녹(綠)차쉬폰,140
푸를녹차쉬폰,200
프렌치 브리오쉬식빵,74.4
프렌치 초코앤치즈,225
프렌치브리오쉬식빵,366.49
프룬파운드,222
프리미엄녹차카스테라,80
프리미엄생크림 2호,122.5
프리미엄생크림케익(3호),114.8
프리미엄에클레어,221.6
프리미엄초콜릿케익,142.1
프리미엄카스테라,77.5
플래인머핀,248.8
플래인베이글,286.85
플레인베이글,384
플레인와플,443.94
피넛 크런치,137.5
피칸파이,158.9
핑크러브생크림미니,121.8
한겹한겹촉촉한 밀크브레드,372.67
한입샌드(땅콩내용물),275
한입샌드(블루베리),205
한입쏙밤만주,81
한입에두번반한단팥크림빵,140
핫치킨 풀어파츠,188.6
해피먼치킨컵(10개)최대치,258.75
해피먼치킨컵(10개)최소치,95
해피먼치킨컵(30개)최대치,258.75
해피먼치킨컵(30개)최소치,95
핸드메이드고구마2호,149.8
핸드메이드고구마3호,149.8
핸드메이드고구마4호,149.8
핸드메이드딸기2호,152.6
핸드메이드딸기3호,152.6
핸드메이드딸기4호,152.6
핸드메이드초코2호,162.4
핸드메이드초코3호,162.4
핸드메이드초코4호,162.4
핸드메이드화이트2단,149.1
핸드메이드화이트2호,147.7
핸드메이드화이트3호,147.7
핸드메이드화이트4호,147.7
햄야채 모닝롤,353.87
행복을 나누고 싶은 블루베리롤,90.75
허니본델리슈,70
허니치즈브레드,331
허니후리터,217
헬로키티헬로모닝,122.5
호두 파이,280
호두를 더한 호밀식빵,119
호두미니타르트,150
호두바나나머핀,400.43
호두아몬드커플,270
호두아몬드파티,270
호두케익,137.37
호두파운드케익,138
호두파이,169
호두파이2호,168.3
호밀블루베리브레드,261.03
호밀식빵,119
호박떡스폰지케익,192.4
호박머핀,375
호박쌀카스테라,350
호박파운드,130.2
홈메이드호두케이크,235
홍차만주,250
홍차휘낭시에,38.25
화이트2단,250
후레쉬슈,378.62
후레쉬식빵,119
후르츠롤케이크,112
휭거마드레느,38.08
(X-MAS)네잎클로버(MM+BC+CJ+CM)(비알코리아),240
(X-MAS)더블 초콜릿 블러섬(ABB+CM)(비알코리아),250
(X-MAS)버블디노(CHO+VBS+ABB)(비알코리아),240
(X-MAS)블루베리 요거트(BCC+YO)(비알코리아),210
(X-MAS)어드벤쳐(SS)(비알코리아),250
(X-MAS)와츄원 NO.4(YO+ABB+TCC+VBS)(비알코리아),210
(X-MAS)와츄원 NO.6(PIB+ABB+SS+CJ+MCC+BCC)(비알코리아),230
(X-MAS)와츄원NO.8(PIB+ABB+CHC+GT+CJ+MCC+SS+BCC)(비알코리아),230
(X-MAS)인크레더블 가든(ABB+CJ)(비알코리아),240
(X-MAS)큐브 샤롯뜨(ABB+VBS)(비알코리아),220
31요거트,226.55
5가지큐브샤롯뜨,290.95
고스트 월드(비알코리아),260
그린티,278.3
그린티 티라미스,311.65
그린티러버,331.2
내친구 배스키(PIB+BC)(비알코리아),270
네잎클로버,331.2
녹차아이스크림,153.48
뉴욕 치즈 케이크,325.45
다크초코나이트,370.3
더블쿠키샌드(체리쥬빌레 & 초코후레이크)(동그린),230.14
더블쿠키샌드(초콜릿무스 & 화이트초콜릿)(동그린),259.74
더블쿠키샌드-초코쿠키,192.4
더블쿠키샌드-플레인쿠키,170.2
듀얼 와츄원 NO.9,339.25
디노 젤리(비알코리아),210
딸기 선데이 아이스크림,416.64
딸기아이스크림,142.97
땅콩 로켓(비알코리아),230
러브미,290.95
러블리 큐브(PIB+SS+BCC+ABB+CJ+CHC)(비알코리아),230
러블리큐브(2013),290.95
레인보우 와플콘,265.29
레인보우샤베트,185.15
로맨틱시즘NO6,290.95
롤 바닐라(동그린),90.09
롤 초콜릿(동그린),99.99
마녀의 칵테일 파티(비알코리아),200
마법사의 할로윈,304.75
마이레몬트리,165.17
망고탱고,210.95
몽키바나나 아이스캔디?,58.5
무비 씨어터 팝콘,333.5
민트초콜릿칩,229.1
민트향 초콜릿 칩(비알코리아),230
민트향초콜릿칩,304.75
바나나 몬스터(비알코리아),260
바닐라,278.3
바닐라 선데이 아이스크림,270.2
바닐라(,177.93
바닐라스카이,158.95
바람과함께사라지다,304.75
베리 로맨틱 홀리데이(ABB+VBS)(비알코리아),250
베리베리스트로베리,251.85
별이빛나는밤에,264.5
블루베리요거트,278.3
비스킷슈-체리,45
비스킷슈-초콜릿,49.5
쁘띠 봉봉 프랜드(ABB+CHO)(비알코리아),260
사랑에 빠진딸기,316.25
새콤오렌지베리,264.5
선데이아이스크림(복숭아),407.55
선데이아이스크림(스트로베리),410.85
선물 가득 산타(ABB+CJ)(비알코리아),260
순수(秀) 우유 아이스크림,299
숲속의 루돌프(GT+VAN)(비알코리아),220
슈 그린티(동그린),69.9
슈 초콜릿(동그린),69.9
슈팅스타,304.75
슈팅스타어드벤처,331.2
스노우 치즈 초콜릿,317.4
스노우모찌 그린티러버(동그린),189
스노우모찌 스프링 스트로베리(동그린),179.9
스노우모찌-그린티,140
스노우모찌-스트로베리,133
스위트 마리아주(비알코리아),210
아몬드봉봉,331.2
아이스 도라야끼,188.1
아이스크림롤-바닐라,29.7
아이스크림롤-초콜릿,33
아주특별한파티케이크,317.4
애플 민트(비알코리아),120
엄마는 외계인 2(비알코리아),240
엄마는외계인,317.4
올라! 샹그리아(비알코리아),110
와츄원NO4,278.3
와츄원NO6,290.95
와츄원NO8,290.95
요거트,158.46
월넛,317.4
유자 요거트(비알코리아),150
이상한 나라의 솜사탕,343.85
이상한나라의솜사탕,245
인크레더블가든,343.85
자모카 봉봉,325.45
자모카 아몬드 훠지(비알코리아),240
자모카아몬드훠지,317.4
젤라또슈(딸기요거트),23.1
체리 쥬빌레(비알코리아),210
체리(칠리에지아),137.31
체리쥬빌레,278.3
초코,181.26
초코 라떼 크런치(비알코리아),282
초코 선데이 아이스크림,487.2
초코 홀릭(비알코리아),260
초콜릿,290.95
초콜릿 칩,304.75
카라멜 선데이 아이스크림,564.63
카라멜 초코 크런치(비알코리아),250
카라멜 프랄린 치즈케이크(비알코리아),248
카라멜프랄린치즈케이크,327.75
카바나베리바나나,152.59
쿠키 부키(비알코리아),270
쿠키 앤 크림(비알코리아),260
쿠키샌드 바닐라,123.5
쿠키샌드 바닐라(동그린),189.8
쿠키샌드 초콜릿무스(동그린),219.7
쿠키샌드초콜릿무스,143
쿠키앤 민트향,264.5
티아미슈,156.2
파핑트로피카(비알코리아),150
피스타치오향아몬드,331.2
핑크 미니,296.7
해피 초코 지브라(PIB+CF+CM)(비알코리아),250
해피 큐브(PIB+SS+BCC+ABB+CJ+CHC+GT+NCC+MCC)(비알코리아),230
해피큐브(2013),290.95
헤이즐넛 젤라또,104
호두까기 인형(비알코리아),220
홀리 원터 나이트(BCC+CJ)(비알코리아),240
흰눈사이 진저맨(VBS+VAN)(비알코리아),230
고추만두,138.87
떡볶이(밀),158.81
떡볶이(쌀),181.98
만두야끼만두,178.8
모듬만두,162.64
불고기군만두,219.78
비빔만두,206.81
새우만두,143.36
스페셜떡볶이,193.08
치즈떡볶이,188.8
치즈만두,190.39
카레만두,143.38
튀김만두,285.45
해물만두,154.51
해물부추만두,138.83
게랑드 버터 카라멜,17.4
고소한 검정깨 스틱,72
고소한 두부 스낵,23.25
다크초코칩 쿠키,63
땅콩전병,40.2
라메종드 아모린카라멜,8.4
라이스쿠키,46.8
라임 빙과류,124
라즈베리 빙과류,125
레몬 소르베,130
몽펠리에 스틱쿠키,74.8
미니 쌀 약과,43.5
버터팝콘,36
베리믹스 소르베,129
벨지엄 쿠키세트,129
보라색 감자칩,570
보아씨에 헤븐리펄캔디,7.5
소피아토 웨이퍼 롤스,28.8
스트로베리 베로나,44.8
아몬드 크로칸트 쿠키,60.3
애플민트,159.96
에스쁠레뜨 고추감자칩,570
오렌지쿠키,61.25
오이쉬 와푸 롤드 위드 크리미 체다 치즈,9.38
오트밀쿠키,57.75
유기농 감자칩,891.25
자몽 소르베,137
초코쿠키,52.5
치즈샤브레쿠키,48
카라멜팝콘,34.8
칸투치,40.32
클래식쿠키,37.8
파인애플샤벳,127
플라이 딸기 & 요거트,35.7
플라이 살구 & 요거트,36.6
플라이 체리 & 요거트,35.4
피치 소르베,118
후르티아 오젤리-망고,82.5
후르티아 오젤리-석류&알로에,93.5
후르티아 오젤리-오렌지,66
후르티아 오젤리-황도,77
나츄나츄 허니과즙 (복숭아+망고),260
나츄나츄 허니과즙 (파인애플+오렌지),250
던킨오렌지,170
던킨포도,210
벨지안 씨쉘(대),136.5
벨지안 씨쉘(미니),136.5
벨지안 씨쉘(소),136.5
봉봉오쇼콜라(대),41.85
수퍼데일리JUS라즈베리,266.2
수퍼데일리JUS블루베리,266.2
아침&딸기우유,270
아침&바나나우유,290
아침&초코우유,260
아침&커피우유,250
제주 수제요거트,112.45
치키 피치티,90
팝핀 케이 유기농 망고 패션후르츠,232.5
닭다리백숙,976